{
  "weight_decay=0.01": {
    "n": 15,
    "mean": 0.9618231625575565,
    "std": 1.1491900087240784e-16,
    "cv": 1.194803840727125e-16,
    "min": 0.9618231625575566,
    "max": 0.9618231625575566
  },
  "weight_decay=0.001": {
    "n": 15,
    "mean": 0.9618231625575565,
    "std": 1.1491900087240784e-16,
    "cv": 1.194803840727125e-16,
    "min": 0.9618231625575566,
    "max": 0.9618231625575566
  },
  "weight_decay=0.0001": {
    "n": 15,
    "mean": 0.9618231625575565,
    "std": 1.1491900087240784e-16,
    "cv": 1.194803840727125e-16,
    "min": 0.9618231625575566,
    "max": 0.9618231625575566
  },
  "weight_decay=1e-05": {
    "n": 15,
    "mean": 0.9618231625575565,
    "std": 1.1491900087240784e-16,
    "cv": 1.194803840727125e-16,
    "min": 0.9618231625575566,
    "max": 0.9618231625575566
  }
}