{
  "lr=0.0001": {
    "n": 20,
    "mean": 0.9618231625575566,
    "std": 0.0,
    "cv": 0.0,
    "min": 0.9618231625575566,
    "max": 0.9618231625575566
  },
  "lr=1e-05": {
    "n": 20,
    "mean": 0.9618231625575566,
    "std": 0.0,
    "cv": 0.0,
    "min": 0.9618231625575566,
    "max": 0.9618231625575566
  },
  "lr=0": {
    "n": 20,
    "mean": 0.9618231625575566,
    "std": 0.0,
    "cv": 0.0,
    "min": 0.9618231625575566,
    "max": 0.9618231625575566
  }
}