{
  "weight_decay=0.001": {
    "n": 15,
    "mean": 0.962046703742288,
    "std": 0.0012796362872728468,
    "cv": 0.0013301186754189373,
    "min": 0.960289700971888,
    "max": 0.9642737299400734
  },
  "weight_decay=0.01": {
    "n": 15,
    "mean": 0.9615979775763094,
    "std": 0.0011403345955444267,
    "cv": 0.0011858745776677066,
    "min": 0.9599899131962271,
    "max": 0.963655650754794
  },
  "weight_decay=0.1": {
    "n": 15,
    "mean": 0.9593978600356662,
    "std": 0.0015963119854613915,
    "cv": 0.0016638686117165695,
    "min": 0.956924572596892,
    "max": 0.9624403808353774
  }
}