{
  "lr=0.001": {
    "n": 15,
    "mean": 0.9609896595930754,
    "std": 0.0013146062651055144,
    "cv": 0.0013679712908275991,
    "min": 0.9578553300628436,
    "max": 0.962438699762198
  },
  "lr=0.005": {
    "n": 15,
    "mean": 0.962188489676835,
    "std": 0.0015502904887824988,
    "cv": 0.0016112128812756702,
    "min": 0.9590825922793136,
    "max": 0.9642737299400734
  },
  "lr=0.01": {
    "n": 15,
    "mean": 0.9598643920843529,
    "std": 0.0016632439973346541,
    "cv": 0.001732790601517061,
    "min": 0.956924572596892,
    "max": 0.9621335599041301
  }
}