{
  "lr=0.001": {
    "n": 45,
    "mean": 0.9556558664401725,
    "std": 0.000601791666384414,
    "cv": 0.0006297158710761582,
    "min": 0.9544542863279043,
    "max": 0.9566133544104454
  },
  "lr=0.005": {
    "n": 45,
    "mean": 0.9637801067806491,
    "std": 0.0011687938032570032,
    "cv": 0.0012127183317376918,
    "min": 0.9614824707671882,
    "max": 0.9666986674149574
  },
  "lr=0.01": {
    "n": 45,
    "mean": 0.9648208504147798,
    "std": 0.001317541134746945,
    "cv": 0.0013655811171374762,
    "min": 0.9620873486574757,
    "max": 0.9672872039266744
  }
}