{
  "weight_decay=0.001": {
    "n": 45,
    "mean": 0.9619398811841707,
    "std": 0.004519442517436357,
    "cv": 0.0046982588058131205,
    "min": 0.954469432075036,
    "max": 0.9672872039266744
  },
  "weight_decay=0.01": {
    "n": 45,
    "mean": 0.9617967260818358,
    "std": 0.00442481574289736,
    "cv": 0.004600572681218369,
    "min": 0.9544561057098077,
    "max": 0.9672872039266744
  },
  "weight_decay=0.1": {
    "n": 45,
    "mean": 0.9605202163695951,
    "std": 0.003703499432993186,
    "cv": 0.0038557225239787456,
    "min": 0.9544542863279043,
    "max": 0.9648486721921334
  }
}