{
  "lr=0.1": {
    "n": 2,
    "mean": 0.9557012059844994,
    "std": 0.00046527103848936606,
    "cv": 0.0004868373457895504,
    "min": 0.9553722096780938,
    "max": 0.9560302022909049
  },
  "lr=0.001": {
    "n": 2,
    "mean": 0.9612126932197526,
    "std": 0.0008633340169354309,
    "cv": 0.0008981716773251718,
    "min": 0.9606022238819485,
    "max": 0.9618231625575566
  },
  "lr=0.0005": {
    "n": 2,
    "mean": 0.9576985137932955,
    "std": 0.00022270540603174237,
    "cv": 0.00023254229052694332,
    "min": 0.9575410372904836,
    "max": 0.9578559902961075
  }
}