{
  "weight_decay=0.0001": {
    "n": 6,
    "mean": 0.9582041376658491,
    "std": 0.0025359368488895137,
    "cv": 0.0026465517619940204,
    "min": 0.9553722096780938,
    "max": 0.9618231625575566
  }
}